0.0,0.249,0.328,0.386,0.433,0.474,0.509,0.542,0.572,0.599,0.625,0.642,0.659,0.677,0.695,0.713,0.733,0.752,0.772,0.793,0.814,0.835,0.857,0.88,0.903,0.926,0.95,0.973,0.998,1.022,1.046,1.071,1.096,1.121,1.146,1.171,1.197,1.222,1.248,1.274,1.299,1.325,1.351,1.377,1.403,1.43,1.456,1.482,1.508,1.535,1.561,1.587,1.614,1.64,1.666,1.693,1.719,1.747,1.776,1.805,1.836,1.867,1.9,1.933,1.967,2.002,2.038,2.075,2.113,2.152,2.193,2.234,2.276,2.319,2.364,2.409,2.455,2.5,2.545,2.59,2.635,2.679,2.723,2.766,2.809,2.852,2.896,2.942,2.991,3.041,3.094,3.149,3.206,3.265,3.327,3.39,3.456,3.523,3.592,3.662,3.733,3.807,3.881,3.958,4.035,4.115,4.196,4.278,4.362,4.447,4.534
0.0,0.4876,0.6442,0.7278,0.7633,0.7556,0.704,0.6061,0.4589,0.2589,0.0,0.0,0.0,,,,,,,,,,,,,,,,,,,,,,,,,,,,,,,,,,,,,,,,,,,,,,,,,,,,,,,,,,,,,,,,,,,,,,,,,,,,,,,,,,,,,,,,,,,,,,,,,,
0.0,0.4901,0.6355,0.7156,0.7593,0.7713,0.7485,0.6852,0.5778,0.4168,0.1945,0.0,0.0,0.0,,,,,,,,,,,,,,,,,,,,,,,,,,,,,,,,,,,,,,,,,,,,,,,,,,,,,,,,,,,,,,,,,,,,,,,,,,,,,,,,,,,,,,,,,,,,,,,,,
0.0,0.4917,0.628,0.7054,0.7513,0.7747,0.7731,0.7408,0.6691,0.5531,0.3788,0.2189,0.0,0.0,0.0,,,,,,,,,,,,,,,,,,,,,,,,,,,,,,,,,,,,,,,,,,,,,,,,,,,,,,,,,,,,,,,,,,,,,,,,,,,,,,,,,,,,,,,,,,,,,,,,
0.0,0.4928,0.6212,0.6971,0.7428,0.7716,0.7833,0.7728,0.7335,0.6572,0.5335,0.4136,0.245,0.0,0.0,0.0,,,,,,,,,,,,,,,,,,,,,,,,,,,,,,,,,,,,,,,,,,,,,,,,,,,,,,,,,,,,,,,,,,,,,,,,,,,,,,,,,,,,,,,,,,,,,,,
0.0,0.4932,0.615,0.6895,0.7345,0.7658,0.7841,0.788,0.7719,0.7277,0.6498,0.5685,0.4482,0.2722,0.0,0.0,0.0,,,,,,,,,,,,,,,,,,,,,,,,,,,,,,,,,,,,,,,,,,,,,,,,,,,,,,,,,,,,,,,,,,,,,,,,,,,,,,,,,,,,,,,,,,,,,,
0.0,0.4931,0.6093,0.6824,0.7272,0.7593,0.7812,0.7929,0.7912,0.7719,0.725,0.6756,0.601,0.4818,0.2999,0.0,0.0,0.0,,,,,,,,,,,,,,,,,,,,,,,,,,,,,,,,,,,,,,,,,,,,,,,,,,,,,,,,,,,,,,,,,,,,,,,,,,,,,,,,,,,,,,,,,,,,,
0.0,0.4924,0.6039,0.6755,0.7208,0.7526,0.7763,0.792,0.7991,0.7943,0.7732,0.7451,0.6979,0.6297,0.5134,0.3269,0.0,0.0,0.0,,,,,,,,,,,,,,,,,,,,,,,,,,,,,,,,,,,,,,,,,,,,,,,,,,,,,,,,,,,,,,,,,,,,,,,,,,,,,,,,,,,,,,,,,,,,
0.0,0.4912,0.5988,0.6687,0.7148,0.7462,0.7709,0.7889,0.8001,0.804,0.7975,0.7847,0.7617,0.7176,0.6545,0.5431,0.353,0.0,0.0,0.0,,,,,,,,,,,,,,,,,,,,,,,,,,,,,,,,,,,,,,,,,,,,,,,,,,,,,,,,,,,,,,,,,,,,,,,,,,,,,,,,,,,,,,,,,,,
0.0,0.4893,0.5938,0.662,0.7086,0.7403,0.7653,0.7845,0.7984,0.8068,0.8082,0.8045,0.7943,0.7746,0.7352,0.6756,0.5706,0.378,0.0,0.0,0.0,,,,,,,,,,,,,,,,,,,,,,,,,,,,,,,,,,,,,,,,,,,,,,,,,,,,,,,,,,,,,,,,,,,,,,,,,,,,,,,,,,,,,,,,,,
0.0,0.4869,0.5888,0.6553,0.7023,0.7347,0.7596,0.7797,0.7952,0.8061,0.8123,0.813,0.8103,0.8024,0.785,0.751,0.6938,0.5952,0.4014,0.0,0.0,0.0,,,,,,,,,,,,,,,,,,,,,,,,,,,,,,,,,,,,,,,,,,,,,,,,,,,,,,,,,,,,,,,,,,,,,,,,,,,,,,,,,,,,,,,,,
0.0,0.4839,0.5838,0.6488,0.6959,0.7292,0.7541,0.7746,0.791,0.8038,0.8123,0.816,0.8173,0.8154,0.8093,0.7938,0.7645,0.7094,0.6165,0.4229,0.0,0.0,0.0,,,,,,,,,,,,,,,,,,,,,,,,,,,,,,,,,,,,,,,,,,,,,,,,,,,,,,,,,,,,,,,,,,,,,,,,,,,,,,,,,,,,,,,,
0.0,0.4802,0.5786,0.6423,0.6893,0.7233,0.7487,0.7694,0.7865,0.8003,0.8108,0.8159,0.8196,0.8213,0.82,0.8151,0.8014,0.7755,0.7231,0.6344,0.4419,0.0,0.0,0.0,,,,,,,,,,,,,,,,,,,,,,,,,,,,,,,,,,,,,,,,,,,,,,,,,,,,,,,,,,,,,,,,,,,,,,,,,,,,,,,,,,,,,,,
0.0,0.476,0.5733,0.6358,0.6825,0.7172,0.7433,0.7642,0.7818,0.7962,0.808,0.8143,0.8194,0.8232,0.825,0.8242,0.8202,0.808,0.7843,0.7349,0.6492,0.4579,0.0,0.0,0.0,,,,,,,,,,,,,,,,,,,,,,,,,,,,,,,,,,,,,,,,,,,,,,,,,,,,,,,,,,,,,,,,,,,,,,,,,,,,,,,,,,,,,,
0.0,0.4713,0.5677,0.6293,0.6756,0.7108,0.7376,0.759,0.7769,0.7919,0.8043,0.8116,0.8179,0.8229,0.8266,0.8285,0.8279,0.8247,0.8137,0.7914,0.745,0.6613,0.4707,0.0,0.0,0.0,,,,,,,,,,,,,,,,,,,,,,,,,,,,,,,,,,,,,,,,,,,,,,,,,,,,,,,,,,,,,,,,,,,,,,,,,,,,,,,,,,,,,
0.0,0.4661,0.5619,0.6228,0.6685,0.7041,0.7315,0.7535,0.7718,0.7873,0.8003,0.8079,0.8152,0.8214,0.8264,0.83,0.8318,0.8314,0.8287,0.8186,0.7972,0.7535,0.6709,0.4798,0.0,0.0,0.0,,,,,,,,,,,,,,,,,,,,,,,,,,,,,,,,,,,,,,,,,,,,,,,,,,,,,,,,,,,,,,,,,,,,,,,,,,,,,,,,,,,,
0.0,0.4604,0.5557,0.616,0.6614,0.6972,0.7251,0.7477,0.7666,0.7825,0.7959,0.8039,0.8116,0.8188,0.825,0.8298,0.8332,0.8348,0.8346,0.8324,0.8228,0.8019,0.7605,0.6781,0.4848,0.0,0.0,0.0,,,,,,,,,,,,,,,,,,,,,,,,,,,,,,,,,,,,,,,,,,,,,,,,,,,,,,,,,,,,,,,,,,,,,,,,,,,,,,,,,,,
0.0,0.4543,0.5492,0.6092,0.6543,0.69,0.7185,0.7415,0.761,0.7774,0.7913,0.7997,0.8077,0.8153,0.8225,0.8285,0.8331,0.8362,0.8378,0.8376,0.8356,0.8263,0.8056,0.7657,0.6831,0.4859,0.0,0.0,0.0,,,,,,,,,,,,,,,,,,,,,,,,,,,,,,,,,,,,,,,,,,,,,,,,,,,,,,,,,,,,,,,,,,,,,,,,,,,,,,,,,,
0.0,0.4475,0.5423,0.6023,0.6473,0.6829,0.7118,0.7352,0.755,0.7721,0.7865,0.7951,0.8034,0.8114,0.819,0.826,0.8318,0.8362,0.8392,0.8406,0.8404,0.8385,0.8291,0.8083,0.7691,0.6855,0.4855,0.0,0.0,0.0,,,,,,,,,,,,,,,,,,,,,,,,,,,,,,,,,,,,,,,,,,,,,,,,,,,,,,,,,,,,,,,,,,,,,,,,,,,,,,,,,
0.0,0.44,0.5349,0.5953,0.6402,0.6759,0.7051,0.7288,0.7488,0.7664,0.7814,0.7903,0.7989,0.8072,0.8151,0.8226,0.8295,0.8351,0.8393,0.842,0.8432,0.8429,0.8409,0.8312,0.8101,0.7707,0.6862,0.4858,0.0,0.0,0.0,,,,,,,,,,,,,,,,,,,,,,,,,,,,,,,,,,,,,,,,,,,,,,,,,,,,,,,,,,,,,,,,,,,,,,,,,,,,,,,,
0.0,0.4316,0.5267,0.588,0.6331,0.6689,0.6982,0.7224,0.7425,0.7603,0.7759,0.7852,0.7941,0.8027,0.8109,0.8188,0.8262,0.8329,0.8382,0.8422,0.8447,0.8457,0.8453,0.843,0.8325,0.8108,0.7711,0.686,0.487,0.0,0.0,0.0,,,,,,,,,,,,,,,,,,,,,,,,,,,,,,,,,,,,,,,,,,,,,,,,,,,,,,,,,,,,,,,,,,,,,,,,,,,,,,,
0.0,0.422,0.5178,0.5804,0.6258,0.6618,0.6913,0.7159,0.7362,0.754,0.77,0.7797,0.789,0.7979,0.8065,0.8146,0.8224,0.8297,0.8361,0.8412,0.8449,0.8472,0.848,0.8474,0.8445,0.8331,0.8108,0.7706,0.6849,0.489,0.0,0.0,0.0,,,,,,,,,,,,,,,,,,,,,,,,,,,,,,,,,,,,,,,,,,,,,,,,,,,,,,,,,,,,,,,,,,,,,,,,,,,,,,
0.0,0.4108,0.5081,0.5722,0.6183,0.6546,0.6843,0.7092,0.7299,0.7477,0.7638,0.7739,0.7836,0.7929,0.8017,0.8102,0.8183,0.826,0.8331,0.8392,0.8441,0.8476,0.8496,0.8502,0.8492,0.8455,0.833,0.8102,0.7692,0.6831,0.4917,0.0,0.0,0.0,,,,,,,,,,,,,,,,,,,,,,,,,,,,,,,,,,,,,,,,,,,,,,,,,,,,,,,,,,,,,,,,,,,,,,,,,,,,,
0.0,0.398,0.4977,0.5633,0.6105,0.6472,0.6773,0.7025,0.7236,0.7414,0.7575,0.7676,0.7777,0.7874,0.7967,0.8055,0.814,0.8219,0.8294,0.8363,0.8422,0.8468,0.85,0.8518,0.8521,0.8506,0.846,0.8325,0.8089,0.767,0.6808,0.495,0.0,0.0,0.0,,,,,,,,,,,,,,,,,,,,,,,,,,,,,,,,,,,,,,,,,,,,,,,,,,,,,,,,,,,,,,,,,,,,,,,,,,,,
0.0,0.3839,0.4865,0.5535,0.6023,0.6396,0.67,0.6956,0.7172,0.7353,0.7512,0.7613,0.7715,0.7816,0.7912,0.8005,0.8093,0.8176,0.8255,0.8328,0.8394,0.845,0.8493,0.8523,0.8539,0.8538,0.8518,0.846,0.8314,0.8071,0.7639,0.6781,0.4987,0.0,0.0,0.0,,,,,,,,,,,,,,,,,,,,,,,,,,,,,,,,,,,,,,,,,,,,,,,,,,,,,,,,,,,,,,,,,,,,,,,,,,,
0.0,0.3688,0.4742,0.5426,0.5935,0.6317,0.6625,0.6886,0.7106,0.7291,0.745,0.755,0.7652,0.7754,0.7854,0.7951,0.8043,0.813,0.8212,0.8289,0.836,0.8423,0.8476,0.8517,0.8545,0.8558,0.8551,0.8526,0.8454,0.8298,0.8046,0.7601,0.6751,0.5026,0.0,0.0,0.0,,,,,,,,,,,,,,,,,,,,,,,,,,,,,,,,,,,,,,,,,,,,,,,,,,,,,,,,,,,,,,,,,,,,,,,,,,
0.0,0.353,0.4605,0.5304,0.5838,0.6234,0.6548,0.6813,0.7038,0.7228,0.7389,0.7488,0.7589,0.7691,0.7793,0.7893,0.7988,0.808,0.8166,0.8247,0.8322,0.8391,0.8451,0.8501,0.8539,0.8565,0.8574,0.8562,0.853,0.8443,0.8278,0.8015,0.7556,0.6721,0.5066,0.0,0.0,0.0,,,,,,,,,,,,,,,,,,,,,,,,,,,,,,,,,,,,,,,,,,,,,,,,,,,,,,,,,,,,,,,,,,,,,,,,,
0.0,0.3377,0.4455,0.5171,0.5728,0.6144,0.6466,0.6736,0.6966,0.7161,0.7327,0.7427,0.7526,0.7628,0.773,0.7832,0.7931,0.8026,0.8117,0.8202,0.8281,0.8354,0.842,0.8477,0.8524,0.856,0.8584,0.8587,0.857,0.8529,0.843,0.8257,0.7984,0.7511,0.6693,0.5097,0.0,0.0,0.0,,,,,,,,,,,,,,,,,,,,,,,,,,,,,,,,,,,,,,,,,,,,,,,,,,,,,,,,,,,,,,,,,,,,,,,,
0.0,0.3236,0.4296,0.5028,0.5601,0.6043,0.6378,0.6652,0.6889,0.709,0.7262,0.7365,0.7464,0.7565,0.7667,0.777,0.7871,0.7969,0.8063,0.8152,0.8236,0.8313,0.8384,0.8447,0.8501,0.8545,0.8579,0.8599,0.8598,0.8576,0.8527,0.8418,0.824,0.7957,0.7474,0.6671,0.5118,0.0,0.0,0.0,,,,,,,,,,,,,,,,,,,,,,,,,,,,,,,,,,,,,,,,,,,,,,,,,,,,,,,,,,,,,,,,,,,,,,,
0.0,0.3106,0.4132,0.4877,0.5461,0.5929,0.6281,0.6562,0.6805,0.7013,0.7191,0.7298,0.7401,0.7502,0.7603,0.7706,0.7809,0.791,0.8007,0.8099,0.8187,0.8269,0.8344,0.8412,0.8472,0.8523,0.8564,0.8595,0.8611,0.8607,0.858,0.8525,0.8408,0.8225,0.7934,0.7444,0.6654,0.5136,0.0,0.0,0.0,,,,,,,,,,,,,,,,,,,,,,,,,,,,,,,,,,,,,,,,,,,,,,,,,,,,,,,,,,,,,,,,,,,,,,
0.0,0.2987,0.397,0.4718,0.5309,0.5798,0.6173,0.6465,0.6713,0.6929,0.7114,0.7226,0.7334,0.7437,0.7539,0.7642,0.7746,0.7849,0.7948,0.8043,0.8134,0.822,0.8299,0.8372,0.8438,0.8495,0.8543,0.8582,0.8609,0.8621,0.8613,0.8583,0.8522,0.84,0.8213,0.7914,0.7423,0.6643,0.515,0.0,0.0,0.0,,,,,,,,,,,,,,,,,,,,,,,,,,,,,,,,,,,,,,,,,,,,,,,,,,,,,,,,,,,,,,,,,,,,,
0.0,0.2875,0.3817,0.4555,0.5149,0.565,0.6051,0.6361,0.6615,0.6837,0.703,0.7147,0.726,0.7369,0.7473,0.7577,0.7681,0.7786,0.7888,0.7986,0.8079,0.8168,0.8251,0.8328,0.8399,0.8462,0.8516,0.8561,0.8596,0.8621,0.8628,0.8617,0.8585,0.852,0.8394,0.8204,0.7899,0.741,0.6638,0.5162,0.0,0.0,0.0,,,,,,,,,,,,,,,,,,,,,,,,,,,,,,,,,,,,,,,,,,,,,,,,,,,,,,,,,,,,,,,,,,,,
0.0,0.2771,0.3675,0.439,0.4984,0.5487,0.5914,0.6244,0.6508,0.6737,0.6938,0.706,0.7179,0.7293,0.7403,0.751,0.7615,0.7721,0.7825,0.7926,0.8022,0.8113,0.82,0.828,0.8355,0.8423,0.8484,0.8535,0.8577,0.8608,0.8629,0.8633,0.8619,0.8586,0.8518,0.839,0.8197,0.7889,0.7405,0.6638,0.5172,0.0,0.0,0.0,,,,,,,,,,,,,,,,,,,,,,,,,,,,,,,,,,,,,,,,,,,,,,,,,,,,,,,,,,,,,,,,,,,
0.0,0.2674,0.3544,0.423,0.4814,0.5318,0.5757,0.6112,0.6394,0.6629,0.6838,0.6965,0.7089,0.721,0.7326,0.7438,0.7547,0.7654,0.7761,0.7864,0.7963,0.8057,0.8146,0.8229,0.8307,0.838,0.8445,0.8503,0.8551,0.859,0.8618,0.8635,0.8636,0.862,0.8587,0.8518,0.8388,0.8194,0.7885,0.7408,0.6643,0.518,0.0,0.0,0.0,,,,,,,,,,,,,,,,,,,,,,,,,,,,,,,,,,,,,,,,,,,,,,,,,,,,,,,,,,,,,,,,,,
0.0,0.2583,0.3423,0.4078,0.4645,0.5144,0.5584,0.5963,0.6266,0.6512,0.6728,0.6861,0.6991,0.7118,0.7241,0.736,0.7474,0.7585,0.7694,0.78,0.7903,0.8,0.809,0.8176,0.8256,0.8332,0.8402,0.8465,0.852,0.8565,0.86,0.8625,0.8637,0.8636,0.862,0.8589,0.8519,0.8389,0.8195,0.7885,0.7417,0.6653,0.5185,0.0,0.0,0.0,,,,,,,,,,,,,,,,,,,,,,,,,,,,,,,,,,,,,,,,,,,,,,,,,,,,,,,,,,,,,,,,,
0.0,0.2498,0.3311,0.3936,0.4479,0.4968,0.5404,0.5796,0.6121,0.6386,0.6609,0.6747,0.6883,0.7016,0.7146,0.7272,0.7393,0.751,0.7624,0.7734,0.784,0.794,0.8034,0.8121,0.8203,0.8281,0.8354,0.8422,0.8483,0.8534,0.8576,0.8607,0.8628,0.8638,0.8635,0.8619,0.859,0.8521,0.8392,0.82,0.7891,0.7432,0.6669,0.5189,0.0,0.0,0.0,,,,,,,,,,,,,,,,,,,,,,,,,,,,,,,,,,,,,,,,,,,,,,,,,,,,,,,,,,,,,,,,
0.0,0.2417,0.3207,0.3805,0.4322,0.4793,0.5223,0.5612,0.5957,0.6244,0.648,0.6624,0.6766,0.6905,0.7041,0.7174,0.7303,0.7428,0.7548,0.7664,0.7774,0.7878,0.7975,0.8066,0.8149,0.8228,0.8304,0.8374,0.8439,0.8498,0.8546,0.8584,0.8612,0.8629,0.8636,0.8632,0.8617,0.8591,0.8524,0.8398,0.8208,0.7901,0.7453,0.6692,0.5191,0.0,0.0,0.0,,,,,,,,,,,,,,,,,,,,,,,,,,,,,,,,,,,,,,,,,,,,,,,,,,,,,,,,,,,,,,,
0.0,0.2342,0.311,0.3687,0.4177,0.4627,0.5045,0.5427,0.578,0.6085,0.6341,0.6492,0.664,0.6785,0.6927,0.7066,0.7203,0.7336,0.7464,0.7587,0.7703,0.7812,0.7913,0.8007,0.8094,0.8174,0.825,0.8323,0.8391,0.8454,0.851,0.8555,0.859,0.8614,0.8627,0.8632,0.8628,0.8615,0.8592,0.8527,0.8402,0.8215,0.791,0.747,0.6712,0.5183,0.0,0.0,0.0,,,,,,,,,,,,,,,,,,,,,,,,,,,,,,,,,,,,,,,,,,,,,,,,,,,,,,,,,,,,,,
0.0,0.2273,0.302,0.358,0.4049,0.4476,0.4877,0.525,0.5597,0.5914,0.6189,0.6351,0.6506,0.6658,0.6806,0.6951,0.7094,0.7233,0.7369,0.7501,0.7625,0.7741,0.7847,0.7945,0.8036,0.8118,0.8195,0.8268,0.8338,0.8404,0.8466,0.8518,0.856,0.8592,0.8613,0.8624,0.8628,0.8624,0.8612,0.8591,0.8527,0.8403,0.8216,0.7911,0.7476,0.6716,0.5159,0.0,0.0,0.0,,,,,,,,,,,,,,,,,,,,,,,,,,,,,,,,,,,,,,,,,,,,,,,,,,,,,,,,,,,,,
0.0,0.2209,0.2938,0.3482,0.3933,0.4339,0.4721,0.5082,0.5419,0.5738,0.6024,0.6199,0.6365,0.6524,0.6679,0.6829,0.6977,0.7122,0.7265,0.7404,0.7538,0.7662,0.7775,0.7878,0.7973,0.806,0.8138,0.8212,0.8283,0.835,0.8414,0.8473,0.8523,0.8562,0.8592,0.8611,0.862,0.8623,0.8619,0.8608,0.8588,0.8524,0.84,0.8213,0.7905,0.7471,0.6704,0.5122,0.0,0.0,0.0,,,,,,,,,,,,,,,,,,,,,,,,,,,,,,,,,,,,,,,,,,,,,,,,,,,,,,,,,,,,
0.0,0.2151,0.2861,0.3392,0.3829,0.4217,0.458,0.4925,0.5251,0.5561,0.5852,0.6035,0.6213,0.6382,0.6545,0.6702,0.6854,0.7005,0.7152,0.7297,0.744,0.7574,0.7696,0.7806,0.7906,0.7998,0.808,0.8154,0.8226,0.8294,0.8359,0.8421,0.8478,0.8525,0.8562,0.8589,0.8607,0.8615,0.8618,0.8614,0.8603,0.8584,0.8519,0.8393,0.8204,0.7891,0.7456,0.6675,0.5073,0.0,0.0,0.0,,,,,,,,,,,,,,,,,,,,,,,,,,,,,,,,,,,,,,,,,,,,,,,,,,,,,,,,,,,
0.0,0.2097,0.279,0.3308,0.3733,0.4107,0.4452,0.478,0.5093,0.5392,0.5679,0.5864,0.605,0.6231,0.6403,0.6568,0.6727,0.6881,0.7034,0.7183,0.7331,0.7475,0.7608,0.7727,0.7834,0.7931,0.8019,0.8096,0.8168,0.8236,0.8302,0.8365,0.8425,0.8479,0.8524,0.8559,0.8585,0.8601,0.861,0.8612,0.8608,0.8598,0.8579,0.851,0.8382,0.8189,0.7871,0.7432,0.663,0.501,0.0,0.0,0.0,,,,,,,,,,,,,,,,,,,,,,,,,,,,,,,,,,,,,,,,,,,,,,,,,,,,,,,,,,
0.0,0.2048,0.2724,0.3231,0.3646,0.4007,0.4338,0.4649,0.4947,0.5234,0.551,0.5694,0.5882,0.607,0.6252,0.6426,0.6593,0.6754,0.691,0.7064,0.7215,0.7364,0.7508,0.7639,0.7755,0.7858,0.7952,0.8036,0.8109,0.8177,0.8244,0.8307,0.8368,0.8426,0.8477,0.852,0.8554,0.8579,0.8595,0.8604,0.8606,0.8602,0.8592,0.8571,0.8499,0.8367,0.8169,0.7843,0.7399,0.6568,0.4935,0.0,0.0,0.0,,,,,,,,,,,,,,,,,,,,,,,,,,,,,,,,,,,,,,,,,,,,,,,,,,,,,,,,,
0.0,0.2002,0.2664,0.3158,0.3565,0.3916,0.4235,0.4532,0.4815,0.5087,0.5352,0.5529,0.5714,0.5903,0.6093,0.6277,0.6452,0.6621,0.6782,0.694,0.7095,0.7247,0.7397,0.754,0.7668,0.7779,0.788,0.7969,0.8049,0.8118,0.8185,0.8248,0.831,0.8368,0.8424,0.8473,0.8514,0.8547,0.8572,0.8588,0.8597,0.8599,0.8595,0.8584,0.8561,0.8485,0.8348,0.8143,0.7808,0.7356,0.6491,0.4846,0.0,0.0,0.0,,,,,,,,,,,,,,,,,,,,,,,,,,,,,,,,,,,,,,,,,,,,,,,,,,,,,,,,
0.0,0.196,0.2608,0.3091,0.3489,0.3833,0.4142,0.4427,0.4695,0.4953,0.5205,0.5374,0.5552,0.5739,0.5929,0.612,0.6304,0.6481,0.665,0.6812,0.6971,0.7126,0.7279,0.743,0.7569,0.7693,0.7801,0.7897,0.7983,0.8058,0.8125,0.8189,0.8251,0.831,0.8366,0.8419,0.8466,0.8506,0.8538,0.8563,0.858,0.8589,0.8592,0.8587,0.8575,0.8548,0.8467,0.8325,0.8111,0.7766,0.7302,0.6401,0.4745,0.0,0.0,0.0,,,,,,,,,,,,,,,,,,,,,,,,,,,,,,,,,,,,,,,,,,,,,,,,,,,,,,,
0.0,0.1921,0.2557,0.3028,0.3419,0.3755,0.4056,0.4332,0.4588,0.4832,0.5069,0.523,0.54,0.558,0.5768,0.5959,0.615,0.6334,0.6511,0.6681,0.6843,0.7003,0.7158,0.7311,0.746,0.7596,0.7715,0.7818,0.7911,0.7993,0.8064,0.8129,0.8191,0.825,0.8307,0.8361,0.8412,0.8457,0.8496,0.8527,0.8552,0.8571,0.8582,0.8584,0.8579,0.8565,0.8533,0.8445,0.8297,0.8073,0.7717,0.7233,0.6302,0.4634,0.0,0.0,0.0,,,,,,,,,,,,,,,,,,,,,,,,,,,,,,,,,,,,,,,,,,,,,,,,,,,,,,
0.0,0.1884,0.2509,0.297,0.3353,0.3683,0.3978,0.4246,0.4492,0.4724,0.4947,0.5099,0.526,0.5431,0.5612,0.58,0.5992,0.6182,0.6366,0.6544,0.6713,0.6876,0.7034,0.7189,0.7341,0.7487,0.7618,0.7732,0.7832,0.7921,0.8,0.8068,0.8131,0.819,0.8248,0.8302,0.8354,0.8402,0.8446,0.8483,0.8515,0.8541,0.8561,0.8573,0.8576,0.8569,0.8553,0.8516,0.8421,0.8265,0.8027,0.7659,0.7152,0.6198,0.4519,0.0,0.0,0.0,,,,,,,,,,,,,,,,,,,,,,,,,,,,,,,,,,,,,,,,,,,,,,,,,,,,,
0.0,0.185,0.2464,0.2914,0.3289,0.3614,0.3902,0.4164,0.4403,0.4625,0.4836,0.4978,0.5129,0.5291,0.5463,0.5645,0.5833,0.6025,0.6214,0.6398,0.6575,0.6744,0.6906,0.7064,0.7218,0.7369,0.7511,0.7636,0.7746,0.7843,0.7929,0.8005,0.807,0.8131,0.8189,0.8244,0.8296,0.8346,0.8392,0.8434,0.847,0.8502,0.8529,0.855,0.8564,0.8567,0.856,0.8541,0.8496,0.8393,0.8231,0.7978,0.7599,0.7068,0.6108,0.4432,0.0,0.0,0.0,,,,,,,,,,,,,,,,,,,,,,,,,,,,,,,,,,,,,,,,,,,,,,,,,,,,
0.0,0.1816,0.2419,0.2859,0.3225,0.3543,0.3827,0.4083,0.4316,0.453,0.4732,0.4866,0.5007,0.5159,0.5322,0.5494,0.5677,0.5865,0.6055,0.6243,0.6427,0.6603,0.6771,0.6934,0.7091,0.7244,0.7392,0.7529,0.765,0.7756,0.7851,0.7935,0.8008,0.8071,0.8131,0.8187,0.8241,0.8291,0.8339,0.8383,0.8423,0.8459,0.8491,0.8518,0.8541,0.8556,0.8559,0.8549,0.8527,0.8475,0.8365,0.8196,0.793,0.7543,0.6996,0.6045,0.4364,0.0,0.0,0.0,,,,,,,,,,,,,,,,,,,,,,,,,,,,,,,,,,,,,,,,,,,,,,,,,,,
0.0,0.1783,0.2375,0.2804,0.3162,0.3473,0.375,0.4001,0.4229,0.4438,0.4633,0.4761,0.4894,0.5037,0.5189,0.5352,0.5525,0.5707,0.5894,0.6083,0.6269,0.6452,0.6627,0.6795,0.6957,0.7114,0.7265,0.741,0.7543,0.766,0.7764,0.7857,0.7939,0.801,0.8072,0.813,0.8186,0.8238,0.8287,0.8333,0.8376,0.8415,0.845,0.8481,0.8509,0.8532,0.8548,0.855,0.8538,0.8514,0.8453,0.8336,0.816,0.7885,0.7492,0.6936,0.5986,0.4281,0.0,0.0,0.0,,,,,,,,,,,,,,,,,,,,,,,,,,,,,,,,,,,,,,,,,,,,,,,,,,
0.0,0.1751,0.2331,0.2751,0.3099,0.3403,0.3674,0.392,0.4143,0.4348,0.4536,0.466,0.4788,0.4922,0.5065,0.5218,0.5381,0.5554,0.5735,0.592,0.6107,0.6293,0.6474,0.6649,0.6816,0.6978,0.7133,0.7281,0.7423,0.7552,0.7668,0.777,0.7861,0.7942,0.8012,0.8072,0.813,0.8184,0.8235,0.8283,0.8328,0.8369,0.8407,0.8442,0.8473,0.8501,0.8525,0.854,0.8541,0.8527,0.8498,0.843,0.8306,0.8123,0.7843,0.7447,0.6879,0.5912,0.4185,0.0,0.0,0.0,,,,,,,,,,,,,,,,,,,,,,,,,,,,,,,,,,,,,,,,,,,,,,,,,
0.0,0.172,0.2287,0.2698,0.3037,0.3334,0.3598,0.3838,0.4058,0.4258,0.4443,0.4562,0.4686,0.4815,0.495,0.5094,0.5247,0.541,0.5583,0.5762,0.5945,0.6129,0.6313,0.6493,0.6667,0.6834,0.6995,0.7147,0.7293,0.7432,0.7558,0.7672,0.7773,0.7864,0.7943,0.8012,0.8072,0.8129,0.8182,0.8233,0.828,0.8324,0.8364,0.8402,0.8436,0.8467,0.8495,0.8519,0.8532,0.8531,0.8515,0.8482,0.8406,0.8275,0.8086,0.7805,0.7402,0.6812,0.5823,0.4079,0.0,0.0,0.0,,,,,,,,,,,,,,,,,,,,,,,,,,,,,,,,,,,,,,,,,,,,,,,,
0.0,0.169,0.2245,0.2646,0.2977,0.3265,0.3523,0.3758,0.3972,0.4169,0.4351,0.4467,0.4588,0.4712,0.4841,0.4977,0.5122,0.5275,0.5438,0.5609,0.5786,0.5967,0.6149,0.6331,0.6509,0.6682,0.6849,0.7007,0.7157,0.7301,0.7437,0.7561,0.7674,0.7775,0.7865,0.7944,0.8011,0.8071,0.8128,0.8181,0.8231,0.8278,0.8321,0.8361,0.8398,0.8431,0.8462,0.8489,0.8513,0.8525,0.8521,0.8502,0.8464,0.838,0.8244,0.8051,0.7766,0.7349,0.6737,0.5719,0.3962,0.0,0.0,0.0,,,,,,,,,,,,,,,,,,,,,,,,,,,,,,,,,,,,,,,,,,,,,,,
0.0,0.1662,0.2203,0.2595,0.2917,0.3198,0.3449,0.3678,0.3887,0.4081,0.4259,0.4374,0.4491,0.4612,0.4737,0.4867,0.5004,0.5149,0.5303,0.5465,0.5634,0.5808,0.5986,0.6166,0.6345,0.6522,0.6694,0.6858,0.7014,0.7163,0.7304,0.7438,0.7561,0.7673,0.7774,0.7865,0.7943,0.801,0.807,0.8127,0.818,0.823,0.8276,0.8319,0.8359,0.8395,0.8428,0.8459,0.8485,0.8508,0.8517,0.851,0.8488,0.8444,0.8354,0.8213,0.8013,0.772,0.7288,0.6654,0.5602,0.3829,0.0,0.0,0.0,,,,,,,,,,,,,,,,,,,,,,,,,,,,,,,,,,,,,,,,,,,,,,
0.0,0.1634,0.2162,0.2546,0.2859,0.3133,0.3377,0.3599,0.3803,0.3992,0.4168,0.4281,0.4396,0.4514,0.4636,0.4762,0.4893,0.5031,0.5176,0.533,0.549,0.5657,0.5829,0.6003,0.618,0.6357,0.6532,0.6701,0.6863,0.7018,0.7165,0.7304,0.7436,0.7558,0.7671,0.7773,0.7863,0.7941,0.8008,0.8069,0.8126,0.8179,0.8229,0.8276,0.8319,0.8358,0.8394,0.8427,0.8456,0.8483,0.8503,0.8508,0.8498,0.8473,0.8423,0.8327,0.818,0.797,0.7668,0.722,0.6563,0.5472,0.368,0.0,0.0,0.0,,,,,,,,,,,,,,,,,,,,,,,,,,,,,,,,,,,,,,,,,,,,,
0.0,0.1607,0.2123,0.2497,0.2803,0.3068,0.3306,0.3522,0.3721,0.3905,0.4077,0.4188,0.4301,0.4417,0.4536,0.4659,0.4786,0.4919,0.5057,0.5203,0.5355,0.5514,0.5679,0.5847,0.6018,0.6192,0.6366,0.6537,0.6704,0.6864,0.7017,0.7163,0.7301,0.7431,0.7553,0.7666,0.7769,0.786,0.7939,0.8006,0.8067,0.8125,0.8179,0.823,0.8277,0.832,0.8359,0.8395,0.8427,0.8456,0.8481,0.8497,0.8499,0.8486,0.8458,0.8401,0.8297,0.8141,0.7922,0.761,0.7145,0.6463,0.5332,0.3512,0.0,0.0,0.0,,,,,,,,,,,,,,,,,,,,,,,,,,,,,,,,,,,,,,,,,,,,
0.0,0.1582,0.2085,0.2449,0.2747,0.3006,0.3237,0.3446,0.3639,0.3819,0.3987,0.4096,0.4207,0.4321,0.4438,0.4558,0.4683,0.4811,0.4944,0.5084,0.5229,0.538,0.5537,0.5698,0.5863,0.6031,0.62,0.637,0.6537,0.6702,0.6861,0.7013,0.7157,0.7294,0.7423,0.7545,0.7659,0.7763,0.7855,0.7935,0.8003,0.8066,0.8125,0.818,0.8232,0.8279,0.8322,0.8362,0.8397,0.8428,0.8456,0.8479,0.8491,0.8489,0.8472,0.8441,0.8376,0.8263,0.8097,0.7871,0.7547,0.7063,0.6355,0.5186,0.332,0.0,0.0,0.0,,,,,,,,,,,,,,,,,,,,,,,,,,,,,,,,,,,,,,,,,,,
0.0,0.1556,0.2047,0.2402,0.2693,0.2945,0.317,0.3374,0.3562,0.3736,0.39,0.4006,0.4115,0.4227,0.4342,0.446,0.4581,0.4707,0.4836,0.4971,0.511,0.5255,0.5404,0.5559,0.5717,0.5879,0.6042,0.6207,0.6372,0.6537,0.67,0.6857,0.7008,0.7151,0.7286,0.7414,0.7536,0.7651,0.7756,0.7849,0.7931,0.8,0.8065,0.8125,0.8181,0.8233,0.8281,0.8325,0.8364,0.8399,0.8429,0.8455,0.8475,0.8483,0.8477,0.8458,0.8423,0.8349,0.8226,0.8051,0.7821,0.7482,0.6984,0.6252,0.5056,0.3139,0.0,0.0,0.0,,,,,,,,,,,,,,,,,,,,,,,,,,,,,,,,,,,,,,,,,,
0.0,0.153,0.201,0.2356,0.2641,0.2888,0.3107,0.3305,0.3488,0.3658,0.3817,0.3921,0.4028,0.4137,0.425,0.4365,0.4484,0.4607,0.4733,0.4863,0.4998,0.5138,0.5281,0.5429,0.5581,0.5737,0.5895,0.6054,0.6215,0.6376,0.6538,0.6699,0.6855,0.7005,0.7147,0.7281,0.7407,0.7528,0.7643,0.7749,0.7843,0.7925,0.7996,0.8062,0.8124,0.8181,0.8234,0.8282,0.8326,0.8365,0.8399,0.8428,0.8452,0.8469,0.8473,0.8465,0.8443,0.8403,0.8321,0.819,0.8007,0.7772,0.7423,0.6915,0.6168,0.4962,0.3008,0.0,0.0,0.0,,,,,,,,,,,,,,,,,,,,,,,,,,,,,,,,,,,,,,,,,
0.0,0.1502,0.1972,0.2311,0.259,0.2832,0.3046,0.324,0.3419,0.3584,0.374,0.3841,0.3945,0.4052,0.4162,0.4275,0.4391,0.4511,0.4634,0.4761,0.4892,0.5027,0.5166,0.5308,0.5454,0.5604,0.5757,0.5911,0.6066,0.6223,0.6381,0.654,0.67,0.6855,0.7004,0.7144,0.7276,0.7401,0.7521,0.7636,0.7742,0.7836,0.7919,0.7991,0.8058,0.8121,0.8179,0.8233,0.8282,0.8326,0.8364,0.8397,0.8425,0.8448,0.8461,0.8463,0.8452,0.8427,0.8381,0.8291,0.8153,0.7966,0.7726,0.7369,0.6856,0.6104,0.49,0.2923,0.0,0.0,0.0,,,,,,,,,,,,,,,,,,,,,,,,,,,,,,,,,,,,,,,,
0.0,0.1473,0.1935,0.2266,0.254,0.2777,0.2987,0.3177,0.3352,0.3514,0.3666,0.3765,0.3866,0.3971,0.4078,0.4189,0.4302,0.4419,0.4539,0.4663,0.4791,0.4922,0.5056,0.5194,0.5335,0.548,0.5627,0.5776,0.5926,0.6078,0.6231,0.6387,0.6545,0.6703,0.6856,0.7004,0.7143,0.7273,0.7396,0.7515,0.7629,0.7734,0.7829,0.7912,0.7986,0.8054,0.8117,0.8176,0.823,0.828,0.8323,0.8361,0.8394,0.842,0.8441,0.8452,0.8452,0.8438,0.841,0.8358,0.8262,0.8118,0.7927,0.7681,0.732,0.6807,0.6057,0.4866,0.288,0.0,0.0,0.0,,,,,,,,,,,,,,,,,,,,,,,,,,,,,,,,,,,,,,,
0.0,0.1443,0.1896,0.2222,0.2491,0.2724,0.293,0.3117,0.3289,0.3447,0.3596,0.3692,0.3792,0.3894,0.3999,0.4107,0.4217,0.4331,0.4449,0.4569,0.4693,0.4821,0.4952,0.5086,0.5223,0.5363,0.5505,0.5649,0.5794,0.5941,0.609,0.6241,0.6394,0.655,0.6707,0.6859,0.7005,0.7143,0.7271,0.7392,0.7509,0.7622,0.7727,0.7821,0.7904,0.7979,0.8048,0.8112,0.8172,0.8226,0.8276,0.8319,0.8357,0.8388,0.8414,0.8433,0.8442,0.8439,0.8423,0.8393,0.8334,0.8232,0.8084,0.789,0.764,0.7278,0.6767,0.6024,0.4855,0.2874,0.0,0.0,0.0,,,,,,,,,,,,,,,,,,,,,,,,,,,,,,,,,,,,,,
0.0,0.1412,0.1857,0.2178,0.2442,0.2672,0.2875,0.3059,0.3227,0.3383,0.3529,0.3624,0.3721,0.3821,0.3923,0.4029,0.4137,0.4248,0.4362,0.448,0.4601,0.4725,0.4852,0.4983,0.5116,0.5252,0.539,0.5529,0.5669,0.5812,0.5956,0.6102,0.6251,0.6403,0.6557,0.6713,0.6863,0.7008,0.7143,0.727,0.7389,0.7505,0.7616,0.7719,0.7812,0.7896,0.7971,0.8041,0.8106,0.8165,0.822,0.827,0.8313,0.835,0.8381,0.8405,0.8423,0.8431,0.8426,0.8408,0.8374,0.831,0.8203,0.8051,0.7855,0.7601,0.724,0.6734,0.6004,0.4865,0.2903,0.0,0.0,0.0,,,,,,,,,,,,,,,,,,,,,,,,,,,,,,,,,,,,,
0.0,0.1381,0.1818,0.2134,0.2394,0.262,0.2821,0.3002,0.3168,0.3321,0.3465,0.3558,0.3653,0.3751,0.3851,0.3954,0.406,0.4169,0.428,0.4395,0.4512,0.4633,0.4757,0.4884,0.5014,0.5146,0.528,0.5415,0.5551,0.5689,0.5829,0.597,0.6115,0.6262,0.6412,0.6566,0.6719,0.6868,0.7011,0.7145,0.7269,0.7387,0.7501,0.7609,0.771,0.7803,0.7886,0.7962,0.8032,0.8097,0.8158,0.8212,0.8262,0.8305,0.8342,0.8372,0.8396,0.8413,0.8419,0.8412,0.8391,0.8354,0.8285,0.8174,0.8019,0.7822,0.7564,0.7207,0.6708,0.5994,0.4892,0.2967,0.0,0.0,0.0,,,,,,,,,,,,,,,,,,,,,,,,,,,,,,,,,,,,
0.0,0.1349,0.1778,0.2089,0.2346,0.2569,0.2767,0.2946,0.311,0.3261,0.3403,0.3494,0.3588,0.3684,0.3783,0.3884,0.3987,0.4093,0.4202,0.4314,0.4428,0.4546,0.4666,0.479,0.4916,0.5045,0.5175,0.5307,0.5439,0.5573,0.5708,0.5845,0.5985,0.6128,0.6273,0.6422,0.6575,0.6727,0.6874,0.7015,0.7147,0.727,0.7386,0.7497,0.7603,0.7702,0.7792,0.7875,0.7951,0.8022,0.8088,0.8148,0.8203,0.8252,0.8295,0.8332,0.8362,0.8386,0.8402,0.8407,0.8398,0.8374,0.8333,0.826,0.8146,0.7989,0.7789,0.7529,0.7178,0.6689,0.5994,0.4933,0.3063,0.0,0.0,0.0,,,,,,,,,,,,,,,,,,,,,,,,,,,,,,,,,,,
0.0,0.1316,0.1737,0.2044,0.2298,0.2518,0.2715,0.2892,0.3054,0.3203,0.3342,0.3433,0.3525,0.362,0.3717,0.3816,0.3918,0.4022,0.4128,0.4237,0.4348,0.4463,0.458,0.47,0.4823,0.4948,0.5075,0.5203,0.5332,0.5462,0.5593,0.5726,0.5862,0.6,0.6141,0.6286,0.6434,0.6585,0.6735,0.688,0.7019,0.715,0.7271,0.7385,0.7494,0.7596,0.7692,0.7781,0.7864,0.794,0.801,0.8076,0.8136,0.8191,0.8241,0.8283,0.832,0.8351,0.8375,0.839,0.8393,0.8382,0.8356,0.8312,0.8234,0.8118,0.796,0.7757,0.7496,0.7151,0.6674,0.6002,0.4985,0.3189,0.0,0.0,0.0,,,,,,,,,,,,,,,,,,,,,,,,,,,,,,,,,,
0.0,0.1284,0.1695,0.1999,0.225,0.2468,0.2662,0.2838,0.2998,0.3146,0.3284,0.3373,0.3465,0.3558,0.3654,0.3752,0.3851,0.3953,0.4057,0.4164,0.4272,0.4384,0.4498,0.4614,0.4734,0.4856,0.4979,0.5104,0.5229,0.5356,0.5484,0.5613,0.5744,0.5878,0.6014,0.6155,0.6298,0.6445,0.6595,0.6743,0.6887,0.7025,0.7153,0.7273,0.7385,0.7491,0.759,0.7682,0.7769,0.7851,0.7927,0.7997,0.8063,0.8123,0.8178,0.8227,0.8271,0.8308,0.8339,0.8363,0.8378,0.8379,0.8366,0.8338,0.829,0.8209,0.8091,0.7932,0.7726,0.7464,0.7128,0.6664,0.6016,0.5045,0.3343,0.0,0.0,0.0,,,,,,,,,,,,,,,,,,,,,,,,,,,,,,,,,
0.0,0.1252,0.1654,0.1954,0.2203,0.2418,0.2611,0.2784,0.2943,0.309,0.3226,0.3315,0.3405,0.3498,0.3592,0.3688,0.3787,0.3887,0.3989,0.4093,0.42,0.4308,0.4419,0.4533,0.4649,0.4767,0.4888,0.5009,0.5131,0.5254,0.5379,0.5504,0.5632,0.5762,0.5894,0.6029,0.6168,0.631,0.6456,0.6605,0.675,0.6893,0.7029,0.7155,0.7273,0.7384,0.7486,0.7581,0.7671,0.7757,0.7837,0.7913,0.7983,0.8049,0.8109,0.8164,0.8214,0.8258,0.8297,0.8328,0.8352,0.8365,0.8365,0.835,0.8318,0.8267,0.8183,0.8062,0.7901,0.7691,0.743,0.71,0.6646,0.6016,0.5079,0.3451,0.0,0.0,0.0,,,,,,,,,,,,,,,,,,,,,,,,,,,,,,,,
0.0,0.1224,0.1617,0.1912,0.2158,0.2371,0.2561,0.2732,0.2889,0.3034,0.317,0.3257,0.3346,0.3437,0.3531,0.3626,0.3723,0.3822,0.3922,0.4024,0.4129,0.4235,0.4344,0.4454,0.4567,0.4683,0.48,0.4918,0.5037,0.5157,0.5279,0.5401,0.5525,0.565,0.5778,0.5909,0.6043,0.618,0.632,0.6464,0.6611,0.6754,0.6895,0.7029,0.7154,0.727,0.7379,0.7479,0.7571,0.7659,0.7743,0.7823,0.7899,0.797,0.8035,0.8095,0.8151,0.8203,0.8249,0.8287,0.8318,0.8341,0.8353,0.8351,0.8333,0.8298,0.8242,0.8154,0.803,0.7865,0.765,0.7388,0.706,0.6609,0.5986,0.5059,0.3489,0.0,0.0,0.0,,,,,,,,,,,,,,,,,,,,,,,,,,,,,,,
0.0,0.1198,0.1583,0.1873,0.2116,0.2325,0.2512,0.2682,0.2837,0.298,0.3113,0.32,0.3288,0.3378,0.347,0.3564,0.366,0.3757,0.3856,0.3957,0.406,0.4164,0.427,0.4379,0.4489,0.4602,0.4716,0.4831,0.4948,0.5065,0.5183,0.5302,0.5423,0.5544,0.5668,0.5794,0.5923,0.6055,0.619,0.6328,0.647,0.6614,0.6755,0.6893,0.7025,0.7149,0.7264,0.737,0.7469,0.7559,0.7646,0.7729,0.7809,0.7885,0.7956,0.8022,0.8083,0.8141,0.8194,0.8241,0.828,0.831,0.8331,0.8341,0.8335,0.8315,0.8277,0.8216,0.8123,0.7994,0.7823,0.7602,0.7339,0.7009,0.6554,0.5928,0.5009,0.3495,0.0,0.0,0.0,,,,,,,,,,,,,,,,,,,,,,,,,,,,,,
0.0,0.1174,0.1553,0.1837,0.2076,0.2282,0.2466,0.2633,0.2786,0.2927,0.3058,0.3143,0.323,0.3319,0.341,0.3503,0.3598,0.3694,0.3792,0.3891,0.3992,0.4094,0.4199,0.4305,0.4413,0.4524,0.4635,0.4748,0.4861,0.4976,0.5091,0.5207,0.5325,0.5443,0.5564,0.5686,0.581,0.5936,0.6066,0.6198,0.6334,0.6473,0.6614,0.6752,0.6888,0.7018,0.714,0.7254,0.7359,0.7456,0.7546,0.7632,0.7715,0.7795,0.7871,0.7943,0.801,0.8074,0.8134,0.8188,0.8235,0.8274,0.8303,0.8322,0.8328,0.832,0.8296,0.8255,0.8188,0.8089,0.7955,0.7776,0.755,0.7284,0.6947,0.6483,0.5854,0.4946,0.3473,0.0,0.0,0.0,,,,,,,,,,,,,,,,,,,,,,,,,,,,,
0.0,0.1152,0.1525,0.1804,0.2038,0.2242,0.2422,0.2586,0.2736,0.2875,0.3004,0.3088,0.3174,0.3262,0.3351,0.3443,0.3536,0.3631,0.3728,0.3826,0.3925,0.4026,0.4129,0.4234,0.434,0.4448,0.4557,0.4668,0.4779,0.489,0.5003,0.5117,0.5231,0.5347,0.5464,0.5582,0.5702,0.5824,0.5948,0.6075,0.6205,0.6338,0.6474,0.6611,0.6747,0.688,0.7007,0.7128,0.7241,0.7345,0.7442,0.7531,0.7616,0.77,0.778,0.7858,0.7931,0.8001,0.8067,0.8129,0.8184,0.8231,0.8269,0.8296,0.8312,0.8315,0.8303,0.8275,0.823,0.8158,0.8052,0.7911,0.7724,0.7492,0.7221,0.6874,0.6403,0.5775,0.4871,0.3425,0.0,0.0,0.0,,,,,,,,,,,,,,,,,,,,,,,,,,,,
0.0,0.1133,0.1499,0.1774,0.2004,0.2203,0.2381,0.2541,0.2688,0.2824,0.2952,0.3034,0.3118,0.3205,0.3293,0.3383,0.3475,0.3569,0.3664,0.3761,0.3859,0.3959,0.406,0.4163,0.4268,0.4374,0.4482,0.459,0.4699,0.4808,0.4918,0.503,0.5141,0.5254,0.5369,0.5484,0.56,0.5718,0.5837,0.5958,0.6083,0.621,0.6339,0.6472,0.6606,0.6738,0.6868,0.6994,0.7112,0.7224,0.7329,0.7425,0.7514,0.76,0.7684,0.7765,0.7845,0.7921,0.7994,0.8063,0.8127,0.8183,0.8229,0.8265,0.829,0.8302,0.8301,0.8285,0.8254,0.8204,0.8125,0.8012,0.7863,0.7665,0.7429,0.715,0.6794,0.6321,0.569,0.4783,0.3354,0.0,0.0,0.0,,,,,,,,,,,,,,,,,,,,,,,,,,,
0.0,0.1115,0.1476,0.1746,0.1971,0.2168,0.2341,0.2499,0.2643,0.2776,0.2901,0.2981,0.3064,0.3149,0.3236,0.3325,0.3416,0.3508,0.3602,0.3698,0.3795,0.3893,0.3993,0.4095,0.4198,0.4302,0.4408,0.4514,0.4621,0.4729,0.4837,0.4946,0.5055,0.5166,0.5277,0.539,0.5503,0.5617,0.5732,0.5849,0.5968,0.6089,0.6213,0.6339,0.6468,0.6598,0.6727,0.6854,0.6976,0.7094,0.7205,0.7309,0.7406,0.7496,0.7582,0.7667,0.7751,0.7834,0.7915,0.7991,0.8062,0.8127,0.8183,0.8229,0.8262,0.8283,0.8291,0.8286,0.8267,0.8232,0.8176,0.8089,0.7968,0.7809,0.7602,0.736,0.7076,0.6714,0.6235,0.5597,0.4681,0.3258,0.0,0.0,0.0,,,,,,,,,,,,,,,,,,,,,,,,,,
0.0,0.1099,0.1456,0.1721,0.1942,0.2134,0.2305,0.2458,0.2599,0.273,0.2852,0.2931,0.3012,0.3095,0.3181,0.3268,0.3357,0.3448,0.3541,0.3635,0.3731,0.3828,0.3927,0.4027,0.4129,0.4232,0.4336,0.4441,0.4546,0.4651,0.4758,0.4864,0.4972,0.508,0.5189,0.5299,0.541,0.5521,0.5633,0.5746,0.586,0.5976,0.6094,0.6214,0.6337,0.6462,0.6588,0.6713,0.6836,0.6956,0.7072,0.7183,0.7287,0.7384,0.7475,0.7563,0.765,0.7739,0.7827,0.7911,0.799,0.8063,0.813,0.8186,0.8229,0.826,0.8276,0.828,0.8271,0.8248,0.8209,0.8145,0.805,0.792,0.7749,0.7533,0.7289,0.7001,0.6631,0.6146,0.5494,0.4563,0.3136,0.0,0.0,0.0,,,,,,,,,,,,,,,,,,,,,,,,,
0.0,0.1085,0.1437,0.1699,0.1915,0.2104,0.227,0.242,0.2558,0.2685,0.2804,0.2882,0.2961,0.3043,0.3126,0.3212,0.3299,0.3389,0.348,0.3573,0.3668,0.3764,0.3861,0.396,0.4061,0.4163,0.4266,0.4369,0.4472,0.4576,0.4681,0.4786,0.4892,0.4998,0.5105,0.5212,0.5321,0.5429,0.5538,0.5648,0.5758,0.5869,0.5982,0.6097,0.6214,0.6333,0.6454,0.6575,0.6696,0.6816,0.6934,0.7047,0.7157,0.7262,0.736,0.7453,0.7544,0.7636,0.7729,0.7822,0.791,0.7992,0.8068,0.8135,0.819,0.8231,0.8256,0.8268,0.8267,0.8254,0.8228,0.8184,0.8112,0.8006,0.7866,0.7683,0.7463,0.7218,0.6925,0.6547,0.6051,0.5382,0.4429,0.299,0.0,0.0,0.0,,,,,,,,,,,,,,,,,,,,,,,,
0.0,0.1072,0.1421,0.1679,0.1891,0.2076,0.2238,0.2385,0.2519,0.2643,0.2759,0.2835,0.2912,0.2992,0.3074,0.3158,0.3243,0.3331,0.3421,0.3512,0.3605,0.37,0.3796,0.3894,0.3994,0.4095,0.4196,0.4298,0.4401,0.4503,0.4606,0.471,0.4814,0.4918,0.5023,0.5129,0.5235,0.5341,0.5448,0.5555,0.5662,0.5769,0.5878,0.5988,0.6099,0.6212,0.6327,0.6444,0.6561,0.6678,0.6794,0.6908,0.702,0.7129,0.7234,0.7333,0.743,0.7526,0.7623,0.7722,0.7819,0.7911,0.7997,0.8075,0.8142,0.8195,0.8232,0.8252,0.8259,0.8254,0.8238,0.8208,0.8157,0.8074,0.7959,0.7807,0.7615,0.7395,0.7146,0.6846,0.6459,0.5948,0.5257,0.4276,0.2824,0.0,0.0,0.0,,,,,,,,,,,,,,,,,,,,,,,
0.0,0.1059,0.1405,0.1659,0.1868,0.2049,0.2208,0.2351,0.2482,0.2603,0.2716,0.279,0.2865,0.2943,0.3023,0.3105,0.3189,0.3275,0.3363,0.3453,0.3545,0.3638,0.3733,0.3829,0.3928,0.4027,0.4128,0.4229,0.433,0.4431,0.4533,0.4635,0.4737,0.484,0.4943,0.5047,0.5151,0.5256,0.536,0.5464,0.5569,0.5674,0.5779,0.5885,0.5992,0.61,0.621,0.6321,0.6433,0.6546,0.6659,0.6772,0.6883,0.6993,0.71,0.7205,0.7307,0.7409,0.751,0.7613,0.7717,0.782,0.7916,0.8004,0.8083,0.815,0.8199,0.8231,0.8245,0.8248,0.824,0.822,0.8187,0.8126,0.8034,0.7908,0.7747,0.7553,0.7333,0.7082,0.6776,0.638,0.5856,0.5149,0.4149,0.2711,0.0,0.0,0.0,,,,,,,,,,,,,,,,,,,,,,
0.0,0.1046,0.1388,0.1639,0.1844,0.2021,0.2177,0.2317,0.2445,0.2563,0.2674,0.2746,0.282,0.2896,0.2974,0.3054,0.3136,0.3221,0.3307,0.3395,0.3485,0.3577,0.3671,0.3766,0.3863,0.3961,0.406,0.416,0.4259,0.4359,0.446,0.456,0.4661,0.4762,0.4864,0.4966,0.5069,0.5171,0.5274,0.5376,0.5479,0.5581,0.5684,0.5787,0.589,0.5995,0.61,0.6206,0.6314,0.6423,0.6532,0.6642,0.6751,0.686,0.6967,0.7073,0.7179,0.7285,0.7392,0.7499,0.7607,0.7715,0.7822,0.7921,0.801,0.809,0.8153,0.8199,0.8225,0.8235,0.8236,0.8225,0.8202,0.8162,0.8093,0.7992,0.7859,0.7695,0.7501,0.7283,0.7032,0.6724,0.6325,0.5796,0.5087,0.4092,0.2659,0.0,0.0,0.0,,,,,,,,,,,,,,,,,,,,,
0.0,0.1033,0.1371,0.1618,0.182,0.1993,0.2146,0.2283,0.2409,0.2524,0.2632,0.2703,0.2775,0.2849,0.2926,0.3005,0.3085,0.3168,0.3252,0.3339,0.3427,0.3518,0.361,0.3703,0.3799,0.3896,0.3994,0.4092,0.419,0.4289,0.4388,0.4487,0.4586,0.4686,0.4786,0.4886,0.4987,0.5088,0.5188,0.5289,0.539,0.549,0.5591,0.5692,0.5792,0.5894,0.5996,0.6099,0.6202,0.6307,0.6412,0.6519,0.6625,0.6732,0.6838,0.6944,0.705,0.7159,0.7268,0.7379,0.7491,0.7603,0.7717,0.7826,0.7926,0.8016,0.8093,0.8154,0.8195,0.8215,0.8223,0.8221,0.8207,0.8181,0.8134,0.8058,0.7951,0.7815,0.7652,0.7461,0.7245,0.6996,0.6691,0.6296,0.5771,0.5073,0.4071,0.2607,0.0,0.0,0.0,,,,,,,,,,,,,,,,,,,,
0.0,0.1019,0.1352,0.1596,0.1794,0.1964,0.2114,0.2249,0.2372,0.2486,0.2591,0.266,0.2731,0.2804,0.2879,0.2956,0.3035,0.3116,0.3199,0.3284,0.3371,0.346,0.355,0.3643,0.3736,0.3832,0.3928,0.4025,0.4122,0.4219,0.4316,0.4414,0.4512,0.461,0.4709,0.4807,0.4906,0.5005,0.5104,0.5203,0.5302,0.5401,0.55,0.5599,0.5697,0.5796,0.5896,0.5996,0.6096,0.6197,0.6299,0.6402,0.6506,0.661,0.6714,0.6818,0.6924,0.7032,0.7143,0.7256,0.7371,0.7487,0.7604,0.772,0.7831,0.7931,0.802,0.8094,0.8151,0.8187,0.8204,0.821,0.8205,0.8188,0.8159,0.8105,0.8023,0.7914,0.7778,0.7617,0.7431,0.7219,0.6975,0.6677,0.6291,0.5779,0.5082,0.4051,0.2555,0.0,0.0,0.0,,,,,,,,,,,,,,,,,,,
0.0,0.1005,0.1333,0.1573,0.1768,0.1935,0.2083,0.2215,0.2336,0.2447,0.2551,0.2619,0.2688,0.276,0.2833,0.2909,0.2986,0.3066,0.3147,0.3231,0.3316,0.3403,0.3492,0.3583,0.3675,0.3769,0.3864,0.3959,0.4055,0.415,0.4246,0.4342,0.4439,0.4535,0.4632,0.4729,0.4827,0.4924,0.5021,0.5118,0.5215,0.5312,0.541,0.5507,0.5604,0.5701,0.5798,0.5896,0.5994,0.6092,0.6191,0.6291,0.6392,0.6493,0.6595,0.6697,0.6801,0.6908,0.7019,0.7133,0.7249,0.7368,0.7487,0.7607,0.7726,0.7836,0.7935,0.8021,0.8091,0.8143,0.8175,0.819,0.8194,0.8187,0.8167,0.8133,0.8074,0.799,0.7881,0.7747,0.7591,0.7411,0.7205,0.6968,0.6681,0.631,0.5803,0.509,0.403,0.2504,0.0,0.0,0.0,,,,,,,,,,,,,,,,,,
0.0,0.099,0.1313,0.1549,0.1741,0.1905,0.205,0.2181,0.2299,0.2409,0.2511,0.2577,0.2646,0.2716,0.2788,0.2862,0.2939,0.3017,0.3097,0.3179,0.3263,0.3348,0.3436,0.3525,0.3616,0.3708,0.3801,0.3895,0.3989,0.4083,0.4177,0.4272,0.4367,0.4462,0.4557,0.4652,0.4748,0.4843,0.4939,0.5034,0.513,0.5225,0.5321,0.5416,0.5512,0.5608,0.5703,0.5799,0.5895,0.5991,0.6087,0.6184,0.6282,0.6381,0.648,0.658,0.6682,0.6788,0.6898,0.7011,0.7127,0.7247,0.7369,0.7492,0.7614,0.7733,0.7842,0.7938,0.802,0.8085,0.8133,0.8161,0.8174,0.8176,0.8167,0.8144,0.8106,0.8045,0.796,0.7853,0.7723,0.7573,0.74,0.7202,0.6973,0.67,0.6338,0.5823,0.5096,0.401,0.2453,0.0,0.0,0.0,,,,,,,,,,,,,,,,,
0.0,0.0976,0.1293,0.1525,0.1714,0.1875,0.2017,0.2146,0.2263,0.2371,0.2471,0.2536,0.2604,0.2673,0.2744,0.2817,0.2891,0.2968,0.3047,0.3128,0.321,0.3294,0.3381,0.3468,0.3558,0.3648,0.374,0.3832,0.3924,0.4017,0.411,0.4202,0.4296,0.4389,0.4482,0.4576,0.467,0.4764,0.4858,0.4951,0.5045,0.5139,0.5233,0.5327,0.5421,0.5515,0.5609,0.5703,0.5797,0.5892,0.5986,0.6081,0.6177,0.6273,0.637,0.6468,0.6568,0.6672,0.678,0.6892,0.7007,0.7126,0.7249,0.7374,0.75,0.7623,0.7741,0.7847,0.7938,0.8015,0.8075,0.8119,0.8144,0.8156,0.8157,0.8145,0.812,0.8079,0.8017,0.7933,0.7829,0.7705,0.7562,0.7398,0.7209,0.6991,0.6724,0.6362,0.5841,0.51,0.399,0.2402,0.0,0.0,0.0,,,,,,,,,,,,,,,,
0.0,0.0961,0.1273,0.15,0.1685,0.1844,0.1984,0.2111,0.2226,0.2332,0.2431,0.2496,0.2562,0.263,0.27,0.2771,0.2845,0.2921,0.2998,0.3078,0.3159,0.3242,0.3326,0.3413,0.3501,0.359,0.368,0.3771,0.3861,0.3952,0.4043,0.4134,0.4226,0.4317,0.4409,0.4501,0.4594,0.4686,0.4778,0.487,0.4962,0.5054,0.5146,0.5238,0.533,0.5423,0.5516,0.5608,0.5701,0.5794,0.5887,0.5981,0.6074,0.6169,0.6264,0.6359,0.6457,0.6559,0.6665,0.6775,0.689,0.7008,0.713,0.7256,0.7384,0.751,0.7633,0.7748,0.7849,0.7936,0.8006,0.8062,0.8102,0.8126,0.8137,0.8135,0.8121,0.8095,0.8053,0.7991,0.7909,0.7809,0.7691,0.7557,0.7403,0.7224,0.7011,0.6745,0.6383,0.5856,0.5103,0.397,0.2351,0.0,0.0,0.0,,,,,,,,,,,,,,,
0.0,0.0946,0.1252,0.1475,0.1657,0.1813,0.195,0.2075,0.2189,0.2294,0.2391,0.2455,0.252,0.2587,0.2656,0.2726,0.2799,0.2874,0.295,0.3028,0.3108,0.319,0.3273,0.3358,0.3445,0.3533,0.3622,0.3711,0.38,0.3889,0.3978,0.4068,0.4157,0.4247,0.4337,0.4428,0.4518,0.4608,0.4699,0.4789,0.4879,0.4969,0.506,0.515,0.5241,0.5332,0.5423,0.5515,0.5606,0.5698,0.5789,0.5882,0.5974,0.6067,0.616,0.6254,0.635,0.6449,0.6554,0.6662,0.6775,0.6892,0.7014,0.7139,0.7268,0.7397,0.7523,0.7644,0.7754,0.785,0.793,0.7994,0.8046,0.8083,0.8105,0.8115,0.8112,0.8097,0.807,0.8027,0.7966,0.7888,0.7793,0.7682,0.7556,0.7413,0.7241,0.7028,0.6762,0.6401,0.5869,0.5105,0.3949,0.2299,0.0,0.0,0.0,,,,,,,,,,,,,,
0.0,0.0931,0.1231,0.1449,0.1627,0.178,0.1916,0.2039,0.2151,0.2255,0.2351,0.2414,0.2478,0.2544,0.2612,0.2682,0.2754,0.2827,0.2903,0.298,0.3059,0.3139,0.3221,0.3305,0.339,0.3477,0.3564,0.3652,0.3739,0.3827,0.3915,0.4002,0.409,0.4179,0.4267,0.4355,0.4444,0.4533,0.4621,0.471,0.4798,0.4887,0.4975,0.5064,0.5153,0.5242,0.5332,0.5421,0.5511,0.5602,0.5692,0.5783,0.5875,0.5966,0.6058,0.615,0.6245,0.6343,0.6445,0.6552,0.6663,0.6779,0.6899,0.7024,0.7152,0.7283,0.7413,0.7537,0.7654,0.7758,0.7847,0.792,0.7979,0.8026,0.8061,0.8083,0.8092,0.8088,0.8072,0.8044,0.8001,0.7943,0.7869,0.778,0.7676,0.7559,0.7423,0.7253,0.7042,0.6775,0.6415,0.5879,0.5105,0.3929,0.2246,0.0,0.0,0.0,,,,,,,,,,,,,
0.0,0.0916,0.121,0.1424,0.1598,0.1748,0.1882,0.2002,0.2113,0.2215,0.2311,0.2373,0.2436,0.2501,0.2568,0.2637,0.2708,0.278,0.2855,0.2931,0.3009,0.3088,0.3169,0.3252,0.3336,0.3421,0.3507,0.3593,0.3679,0.3765,0.3851,0.3937,0.4024,0.411,0.4197,0.4283,0.437,0.4457,0.4544,0.4631,0.4717,0.4804,0.4891,0.4978,0.5065,0.5153,0.524,0.5328,0.5417,0.5506,0.5595,0.5685,0.5775,0.5865,0.5956,0.6047,0.614,0.6237,0.6337,0.6442,0.6551,0.6665,0.6784,0.6908,0.7036,0.7167,0.7299,0.7427,0.7548,0.766,0.7758,0.7841,0.7908,0.7962,0.8006,0.8039,0.806,0.8068,0.8064,0.8047,0.8019,0.7977,0.7921,0.7851,0.7767,0.7671,0.7558,0.7425,0.7257,0.7046,0.6779,0.6418,0.5875,0.5089,0.3893,0.2183,0.0,0.0,0.0,,,,,,,,,,,,
0.0,0.0901,0.1189,0.1398,0.1569,0.1717,0.1848,0.1966,0.2075,0.2176,0.227,0.2331,0.2394,0.2458,0.2524,0.2592,0.2662,0.2733,0.2806,0.2881,0.2958,0.3036,0.3116,0.3197,0.328,0.3364,0.3449,0.3533,0.3618,0.3702,0.3787,0.3871,0.3956,0.4041,0.4126,0.4211,0.4296,0.4381,0.4466,0.4551,0.4636,0.4721,0.4807,0.4892,0.4977,0.5063,0.5149,0.5235,0.5322,0.5409,0.5497,0.5585,0.5673,0.5762,0.5852,0.5942,0.6034,0.6129,0.6228,0.6331,0.6438,0.655,0.6667,0.6789,0.6916,0.7046,0.7178,0.731,0.7437,0.7554,0.7661,0.7754,0.7832,0.7893,0.7944,0.7986,0.8017,0.8037,0.8045,0.804,0.8023,0.7994,0.7953,0.79,0.7833,0.7755,0.7661,0.7549,0.7417,0.725,0.7037,0.6766,0.64,0.5846,0.5046,0.3827,0.2111,0.0,0.0,0.0,,,,,,,,,,,
0.0,0.0887,0.1169,0.1373,0.1541,0.1685,0.1814,0.193,0.2038,0.2137,0.2229,0.229,0.2351,0.2415,0.248,0.2547,0.2615,0.2686,0.2758,0.2831,0.2907,0.2984,0.3062,0.3142,0.3223,0.3306,0.3389,0.3472,0.3555,0.3639,0.3722,0.3805,0.3888,0.3971,0.4054,0.4138,0.4221,0.4305,0.4388,0.4472,0.4555,0.4639,0.4722,0.4806,0.489,0.4974,0.5058,0.5143,0.5227,0.5312,0.5398,0.5484,0.5571,0.5659,0.5747,0.5835,0.5926,0.602,0.6117,0.6218,0.6324,0.6433,0.6548,0.6668,0.6793,0.6922,0.7053,0.7186,0.7318,0.7441,0.7556,0.7658,0.7747,0.782,0.7878,0.7926,0.7966,0.7995,0.8014,0.8021,0.8016,0.8,0.7971,0.7931,0.788,0.7816,0.774,0.7646,0.7533,0.74,0.7232,0.7016,0.674,0.6363,0.5793,0.4977,0.3743,0.2042,0.0,0.0,0.0,,,,,,,,,,
0.0,0.0872,0.1149,0.1349,0.1513,0.1654,0.178,0.1895,0.2,0.2098,0.2189,0.2248,0.2309,0.2372,0.2436,0.2501,0.2569,0.2638,0.2709,0.2781,0.2855,0.2931,0.3008,0.3086,0.3166,0.3247,0.3329,0.3411,0.3492,0.3574,0.3656,0.3737,0.3819,0.39,0.3982,0.4064,0.4146,0.4228,0.431,0.4392,0.4474,0.4556,0.4638,0.472,0.4802,0.4884,0.4967,0.505,0.5133,0.5216,0.53,0.5384,0.5469,0.5555,0.5641,0.5728,0.5817,0.5909,0.6005,0.6105,0.6208,0.6316,0.6428,0.6546,0.6668,0.6795,0.6926,0.7059,0.7191,0.7321,0.7442,0.7553,0.7652,0.7737,0.7807,0.7862,0.7908,0.7945,0.7973,0.7992,0.7998,0.7993,0.7977,0.7949,0.791,0.786,0.7798,0.772,0.7625,0.7511,0.7376,0.7204,0.6983,0.6699,0.6308,0.5719,0.4889,0.365,0.1977,0.0,0.0,0.0,,,,,,,,,
0.0,0.0858,0.1129,0.1325,0.1485,0.1624,0.1747,0.186,0.1963,0.2059,0.2149,0.2207,0.2267,0.2328,0.2391,0.2456,0.2522,0.259,0.266,0.2731,0.2804,0.2878,0.2953,0.303,0.3108,0.3188,0.3268,0.3348,0.3429,0.3509,0.3589,0.3669,0.3749,0.3829,0.391,0.399,0.407,0.4151,0.4231,0.4311,0.4392,0.4472,0.4553,0.4634,0.4714,0.4795,0.4876,0.4957,0.5039,0.512,0.5202,0.5285,0.5368,0.5451,0.5535,0.562,0.5707,0.5798,0.5892,0.599,0.6092,0.6197,0.6308,0.6423,0.6543,0.6668,0.6796,0.6929,0.7061,0.7193,0.732,0.7438,0.7547,0.7643,0.7725,0.7792,0.7845,0.7888,0.7924,0.7951,0.7969,0.7976,0.7971,0.7955,0.7928,0.789,0.7841,0.7777,0.7697,0.76,0.7484,0.7345,0.7168,0.694,0.6645,0.6235,0.5628,0.4789,0.3553,0.1916,0.0,0.0,0.0,,,,,,,,
0.0,0.0843,0.1109,0.1302,0.1459,0.1594,0.1715,0.1825,0.1926,0.202,0.2109,0.2166,0.2225,0.2285,0.2347,0.2411,0.2476,0.2543,0.2611,0.2681,0.2752,0.2825,0.2899,0.2974,0.3051,0.3128,0.3207,0.3286,0.3365,0.3443,0.3522,0.3601,0.368,0.3758,0.3837,0.3916,0.3995,0.4073,0.4152,0.4231,0.431,0.4389,0.4468,0.4547,0.4627,0.4706,0.4786,0.4866,0.4945,0.5025,0.5105,0.5186,0.5267,0.5348,0.543,0.5513,0.5598,0.5686,0.5778,0.5874,0.5974,0.6078,0.6186,0.6299,0.6416,0.6539,0.6666,0.6796,0.6929,0.7061,0.7192,0.7316,0.7432,0.7538,0.7632,0.7712,0.7776,0.7826,0.7868,0.7902,0.7929,0.7947,0.7954,0.7949,0.7934,0.7907,0.7869,0.7818,0.7753,0.7671,0.7571,0.7451,0.7308,0.7124,0.6886,0.6577,0.6147,0.5526,0.468,0.3453,0.186,0.0,0.0,0.0,,,,,,,
0.0,0.0829,0.109,0.1279,0.1432,0.1565,0.1683,0.1791,0.189,0.1983,0.2069,0.2125,0.2183,0.2242,0.2303,0.2366,0.243,0.2496,0.2563,0.2631,0.2701,0.2772,0.2845,0.2918,0.2993,0.3069,0.3146,0.3223,0.33,0.3378,0.3455,0.3532,0.361,0.3687,0.3764,0.3841,0.3918,0.3996,0.4073,0.415,0.4228,0.4305,0.4383,0.4461,0.4539,0.4617,0.4696,0.4774,0.4852,0.493,0.5009,0.5088,0.5167,0.5246,0.5326,0.5407,0.549,0.5576,0.5665,0.5759,0.5856,0.5957,0.6063,0.6174,0.6289,0.641,0.6535,0.6664,0.6795,0.6928,0.7059,0.7187,0.7308,0.7422,0.7527,0.7619,0.7696,0.7758,0.7806,0.7847,0.7881,0.7907,0.7925,0.7932,0.7928,0.7913,0.7887,0.7847,0.7794,0.7726,0.7641,0.7537,0.7413,0.7264,0.707,0.6821,0.6498,0.6047,0.5414,0.4564,0.3352,0.1807,0.0,0.0,0.0,,,,,,
0.0,0.0815,0.1071,0.1256,0.1406,0.1536,0.1652,0.1757,0.1854,0.1945,0.203,0.2085,0.2142,0.22,0.226,0.2321,0.2384,0.2449,0.2515,0.2582,0.265,0.272,0.2791,0.2863,0.2936,0.3011,0.3086,0.3161,0.3237,0.3312,0.3388,0.3464,0.3539,0.3615,0.3691,0.3767,0.3842,0.3918,0.3994,0.407,0.4146,0.4222,0.4298,0.4375,0.4451,0.4528,0.4605,0.4682,0.4759,0.4836,0.4913,0.499,0.5068,0.5146,0.5224,0.5302,0.5383,0.5466,0.5553,0.5644,0.5739,0.5837,0.594,0.6048,0.6161,0.6279,0.6403,0.6531,0.6661,0.6793,0.6924,0.7053,0.7179,0.7298,0.741,0.7513,0.7603,0.7677,0.7737,0.7785,0.7826,0.7859,0.7885,0.7903,0.7911,0.7907,0.7893,0.7865,0.7824,0.7768,0.7696,0.7607,0.7499,0.7369,0.7212,0.7008,0.6746,0.6408,0.5937,0.5295,0.4443,0.3254,0.1758,0.0,0.0,0.0,,,,,
0.0,0.0801,0.1053,0.1234,0.1381,0.1508,0.1621,0.1724,0.1819,0.1908,0.1991,0.2045,0.2101,0.2158,0.2217,0.2277,0.2339,0.2402,0.2467,0.2533,0.26,0.2668,0.2738,0.2808,0.288,0.2953,0.3026,0.31,0.3173,0.3247,0.3321,0.3395,0.347,0.3544,0.3618,0.3692,0.3767,0.3841,0.3915,0.399,0.4064,0.4138,0.4213,0.4288,0.4364,0.4439,0.4515,0.459,0.4666,0.4742,0.4818,0.4893,0.4969,0.5046,0.5122,0.5199,0.5277,0.5359,0.5444,0.5531,0.5623,0.5719,0.5818,0.5923,0.6033,0.6148,0.6269,0.6395,0.6526,0.6658,0.6789,0.6919,0.7046,0.7168,0.7285,0.7396,0.7497,0.7583,0.7656,0.7716,0.7763,0.7804,0.7837,0.7863,0.7881,0.7889,0.7886,0.7871,0.7842,0.7799,0.774,0.7664,0.757,0.7456,0.7321,0.7153,0.6937,0.6662,0.6307,0.5819,0.517,0.4318,0.3159,0.1713,0.0,0.0,0.0,,,,
0.0,0.0788,0.1034,0.1212,0.1356,0.148,0.1591,0.1692,0.1785,0.1872,0.1953,0.2006,0.2061,0.2117,0.2174,0.2233,0.2294,0.2356,0.242,0.2485,0.255,0.2617,0.2685,0.2754,0.2824,0.2895,0.2967,0.3039,0.3111,0.3183,0.3255,0.3328,0.34,0.3473,0.3546,0.3618,0.3691,0.3764,0.3837,0.3909,0.3982,0.4055,0.4129,0.4202,0.4276,0.435,0.4424,0.4499,0.4573,0.4648,0.4722,0.4797,0.4871,0.4946,0.5021,0.5097,0.5173,0.5253,0.5335,0.5421,0.551,0.5602,0.5698,0.5799,0.5905,0.6016,0.6135,0.6259,0.6388,0.6521,0.6653,0.6784,0.6912,0.7036,0.7155,0.727,0.7378,0.7476,0.7561,0.7633,0.7692,0.774,0.7781,0.7815,0.7841,0.786,0.7869,0.7866,0.785,0.7819,0.7772,0.7709,0.7629,0.7529,0.7409,0.7266,0.7087,0.6858,0.657,0.6197,0.5694,0.5041,0.4193,0.3068,0.167,0.0,0.0,0.0,,,
0.0,0.0774,0.1016,0.1191,0.1332,0.1453,0.1562,0.166,0.1751,0.1836,0.1916,0.1968,0.2021,0.2076,0.2133,0.219,0.225,0.2311,0.2373,0.2437,0.2501,0.2567,0.2634,0.2701,0.277,0.2839,0.2909,0.2979,0.3049,0.312,0.319,0.3261,0.3332,0.3403,0.3474,0.3545,0.3616,0.3687,0.3758,0.383,0.3901,0.3973,0.4044,0.4116,0.4189,0.4261,0.4334,0.4408,0.4481,0.4554,0.4627,0.4701,0.4774,0.4848,0.4921,0.4995,0.507,0.5148,0.5229,0.5312,0.5399,0.5488,0.5581,0.5678,0.578,0.5886,0.6,0.6121,0.6249,0.6381,0.6515,0.6648,0.6777,0.6903,0.7024,0.714,0.7251,0.7356,0.7451,0.7535,0.7606,0.7667,0.7716,0.7758,0.7792,0.7819,0.7839,0.7848,0.7845,0.7828,0.7794,0.7743,0.7676,0.759,0.7484,0.7357,0.7205,0.7013,0.6772,0.6469,0.6078,0.5565,0.491,0.407,0.2983,0.1631,0.0,0.0,0.0,,
0.0,0.0761,0.0998,0.117,0.1308,0.1427,0.1533,0.163,0.1719,0.1802,0.188,0.193,0.1983,0.2036,0.2091,0.2148,0.2206,0.2266,0.2327,0.2389,0.2453,0.2518,0.2583,0.2649,0.2716,0.2784,0.2852,0.292,0.2989,0.3057,0.3126,0.3195,0.3264,0.3333,0.3403,0.3472,0.3542,0.3612,0.3681,0.3751,0.382,0.389,0.3961,0.4031,0.4102,0.4173,0.4245,0.4316,0.4388,0.446,0.4533,0.4605,0.4677,0.4749,0.4822,0.4894,0.4968,0.5045,0.5124,0.5206,0.529,0.5377,0.5467,0.556,0.5658,0.576,0.5867,0.5983,0.6108,0.6239,0.6373,0.651,0.6642,0.6769,0.6892,0.701,0.7122,0.7228,0.7329,0.7423,0.7505,0.7578,0.7639,0.7691,0.7734,0.7769,0.7798,0.7819,0.7828,0.7824,0.7805,0.7767,0.7713,0.764,0.7548,0.7434,0.7299,0.7137,0.6933,0.6677,0.636,0.5953,0.5432,0.4777,0.3951,0.2902,0.1593,0.0,0.0,0.0,
0.0,0.0748,0.0981,0.1149,0.1285,0.1401,0.1505,0.1599,0.1686,0.1767,0.1844,0.1893,0.1945,0.1997,0.2051,0.2107,0.2163,0.2222,0.2282,0.2343,0.2405,0.2469,0.2533,0.2598,0.2664,0.273,0.2797,0.2863,0.293,0.2996,0.3063,0.313,0.3198,0.3265,0.3333,0.3401,0.3469,0.3537,0.3605,0.3672,0.3741,0.3809,0.3878,0.3947,0.4016,0.4085,0.4155,0.4226,0.4296,0.4367,0.4438,0.4509,0.458,0.4651,0.4723,0.4794,0.4867,0.4942,0.5019,0.51,0.5183,0.5268,0.5356,0.5446,0.5539,0.5637,0.574,0.5849,0.5967,0.6094,0.6228,0.6365,0.6503,0.6635,0.676,0.688,0.6993,0.7099,0.72,0.7298,0.739,0.7473,0.7546,0.7609,0.7663,0.7709,0.7747,0.7778,0.78,0.7809,0.7803,0.7781,0.7739,0.768,0.7601,0.7501,0.738,0.7237,0.7063,0.6844,0.6575,0.6243,0.5824,0.5297,0.4645,0.3836,0.2827,0.1557,0.0,0.0,0.0
0.0,0.0735,0.0964,0.1129,0.1262,0.1376,0.1477,0.157,0.1655,0.1734,0.1809,0.1857,0.1907,0.1959,0.2012,0.2066,0.2121,0.2179,0.2237,0.2297,0.2358,0.2421,0.2484,0.2548,0.2612,0.2677,0.2742,0.2807,0.2872,0.2937,0.3002,0.3067,0.3133,0.3198,0.3264,0.333,0.3396,0.3463,0.3529,0.3595,0.3662,0.3728,0.3795,0.3863,0.393,0.3999,0.4067,0.4136,0.4204,0.4274,0.4343,0.4413,0.4483,0.4554,0.4624,0.4694,0.4766,0.484,0.4916,0.4995,0.5076,0.516,0.5246,0.5335,0.5425,0.5518,0.5617,0.572,0.583,0.595,0.608,0.6218,0.6358,0.6496,0.6628,0.675,0.6865,0.6972,0.7072,0.7169,0.7263,0.7354,0.7437,0.7511,0.7577,0.7634,0.7684,0.7726,0.7759,0.7782,0.779,0.7782,0.7756,0.7709,0.7644,0.7558,0.7451,0.7321,0.7169,0.698,0.6748,0.6465,0.6119,0.5692,0.5162,0.4515,0.3727,0.2755,0.1523,0.0,0.0
0.0,0.0722,0.0947,0.1109,0.1239,0.1351,0.145,0.1541,0.1624,0.1702,0.1774,0.1822,0.1871,0.1921,0.1973,0.2026,0.208,0.2136,0.2193,0.2252,0.2312,0.2373,0.2435,0.2498,0.2561,0.2625,0.2689,0.2753,0.2816,0.2879,0.2942,0.3006,0.3069,0.3133,0.3197,0.3261,0.3326,0.339,0.3455,0.352,0.3584,0.3649,0.3714,0.378,0.3846,0.3913,0.3979,0.4046,0.4114,0.4181,0.425,0.4318,0.4387,0.4456,0.4525,0.4594,0.4665,0.4738,0.4813,0.4891,0.4971,0.5053,0.5138,0.5225,0.5314,0.5405,0.5498,0.5597,0.5701,0.5811,0.5933,0.6067,0.6208,0.635,0.6489,0.6619,0.6737,0.6846,0.6947,0.7042,0.7134,0.7225,0.7314,0.7397,0.7472,0.7541,0.7603,0.766,0.7707,0.7742,0.7764,0.7771,0.776,0.7729,0.7677,0.7605,0.7512,0.7396,0.7257,0.7093,0.6891,0.6644,0.6348,0.5992,0.5559,0.5028,0.4389,0.3624,0.2689,0.149,0.0
